{
    "KPlugin": {
        "Authors": [
            {
                "Email": "lampih@gmail.com",
                "Name": "Luís Gabriel Lima"
            }
        ],
        "Category": "Environment and Weather",
        "Dependencies": [
        ],
        "Description": "Find out weather for today",
        "Description[ar]": "خُذ فكرة عن طقس اليوم",
        "Description[ca@valencia]": "Descobreix la meteorologia per hui",
        "Description[ca]": "Descobreix la meteorologia per avui",
        "Description[cs]": "Zjistit počasí na dnešek",
        "Description[da]": "Se hvordan vejret bliver i dag",
        "Description[de]": "Nach dem Wetter für heute sehen",
        "Description[el]": "Μάθετε τι καιρό κάνει σήμερα",
        "Description[en_GB]": "Find out weather for today",
        "Description[es]": "Conozca la previsión meteorológica para hoy",
        "Description[eu]": "Eguraldi iragarpena gaurko",
        "Description[fi]": "Etsi tänäisen sää",
        "Description[fr]": "Obtient la météo pour aujourd'hui",
        "Description[gl]": "Descubrir a predición meteorolóxica de hoxe.",
        "Description[hu]": "A napi időjárás megismerése",
        "Description[it]": "Scopri il meteo per oggi",
        "Description[ko]": "오늘 날씨 알아보기",
        "Description[nl]": "Zoek uit wat het weer vandaag wordt",
        "Description[nn]": "Finn ut korleis vêret vert i dag",
        "Description[pl]": "Sprawdź pogodę na dzisiaj",
        "Description[pt]": "Descobrir o tempo para hoje",
        "Description[pt_BR]": "Descubra a previsão do tempo para hoje",
        "Description[ru]": "Прогноз погоды на сегодня",
        "Description[sk]": "Zistiť dnešné počasie",
        "Description[sl]": "Podučite se o današnjemu vremenu",
        "Description[sr@ijekavian]": "Погледајте време за данас",
        "Description[sr@ijekavianlatin]": "Pogledajte vreme za danas",
        "Description[sr@latin]": "Pogledajte vreme za danas",
        "Description[sr]": "Погледајте време за данас",
        "Description[sv]": "Ta reda på dagens väder",
        "Description[tr]": "Bugün için hava durumunu bul",
        "Description[uk]": "Ознайомитися із прогнозом погоди на сьогодні",
        "Description[x-test]": "xxFind out weather for todayxx",
        "Description[zh_CN]": "了解今日天气",
        "Description[zh_TW]": "顯示今天的天氣",
        "Icon": "weather-clear",
        "Id": "org.kde.plasma.weather",
        "License": "GPL-2.0+",
        "Name": "Weather Forecast",
        "Name[ar]": "تنبؤات الطقس",
        "Name[bs]": "Vremenska prognoza",
        "Name[ca@valencia]": "Previsió meteorològica",
        "Name[ca]": "Previsió meteorològica",
        "Name[cs]": "Předpověď počasí",
        "Name[da]": "Vejrudsigt",
        "Name[de]": "Wetterbericht",
        "Name[el]": "Πρόγνωση καιρού",
        "Name[en_GB]": "Weather Forecast",
        "Name[es]": "Previsión meteorológica",
        "Name[et]": "Ilmateade",
        "Name[eu]": "Eguraldi iragarpena",
        "Name[fi]": "Sääennuste",
        "Name[fr]": "Bulletin météorologique",
        "Name[ga]": "Réamhaisnéis Aimsire",
        "Name[gl]": "Prognóstico meteorolóxico",
        "Name[he]": "תחזית מזג האוויר",
        "Name[hr]": "Prognoza vremena",
        "Name[hu]": "Időjárás-előrejelzés (QML",
        "Name[is]": "Veðurspá",
        "Name[it]": "Previsioni meteo",
        "Name[ja]": "天気予報",
        "Name[kk]": "Ауа райын болжау",
        "Name[km]": "ការ​ព្យាករណ៍​អាកាសធាតុ",
        "Name[ko]": "일기 예보",
        "Name[lt]": "Orų prognozė",
        "Name[lv]": "Laika prognoze",
        "Name[mr]": "हवामान पूर्वानुमान",
        "Name[nb]": "Værmelding",
        "Name[nds]": "Wederbericht",
        "Name[nl]": "Weersvoorspelling",
        "Name[nn]": "Vêrmelding",
        "Name[pa]": "ਮੌਸਮ ਅਨੁਮਾਨ",
        "Name[pl]": "Prognoza pogody",
        "Name[pt]": "Boletim Meteorológico",
        "Name[pt_BR]": "Previsão meteorológica",
        "Name[ro]": "Prognoza vremii",
        "Name[ru]": "Прогноз погоды",
        "Name[sk]": "Predpoveď počasia",
        "Name[sl]": "Vremenska napoved",
        "Name[sq]": "Parashikimi i Motit",
        "Name[sr@ijekavian]": "временска прогноза",
        "Name[sr@ijekavianlatin]": "vremenska prognoza",
        "Name[sr@latin]": "vremenska prognoza",
        "Name[sr]": "временска прогноза",
        "Name[sv]": "Väderprognos",
        "Name[th]": "พยากรณ์อากาศ",
        "Name[tr]": "Hava Tahmini",
        "Name[ug]": "ھاۋارايىدىن مەلۇمات",
        "Name[uk]": "Прогноз погоди",
        "Name[wa]": "Prédijhaedjes del meteyo",
        "Name[x-test]": "xxWeather Forecastxx",
        "Name[zh_CN]": "天气预报",
        "Name[zh_TW]": "氣象預報",
        "ServiceTypes": [
            "Plasma/Applet"
        ],
        "Version": "1.0",
        "Website": "http://plasma.kde.org/"
    },
    "X-Plasma-API": "declarativeappletscript",
    "X-Plasma-MainScript": "ui/main.qml",
    "X-Plasma-NotificationArea": "true"
}
