{
    "KPlugin": {
        "Authors": [
            {
                "Email": "plasma-devel@kde.org",
                "Name": "My My Breeze",
                "Name[ar]": "مجموعة التصميم المرئي لكدي",
                "Name[az]": "KDE Vizual Dizayn Qrupu",
                "Name[ca@valencia]": "Grup de disseny visual de KDE",
                "Name[ca]": "Grup de disseny visual de KDE",
                "Name[cs]": "Skupina vizuálního návrhu KDE",
                "Name[de]": "My My Breeze",
                "Name[en_GB]": "My My Breeze",
                "Name[es]": "El grupo de diseño visual de KDE",
                "Name[eu]": "KDE Diseinu bisualeko taldea",
                "Name[fi]": "KDE:n visuaalinen suunnitteluryhmä",
                "Name[fr]": "Groupe de conception visuelle de KDE",
                "Name[hu]": "My My Breeze",
                "Name[ia]": "My My Breeze (Gruppo de Designo Visual de KDE)",
                "Name[id]": "Grup Desain Visual KDE",
                "Name[it]": "My My Breeze",
                "Name[ko]": "KDE 시각 디자인 그룹",
                "Name[lt]": "KDE vaizdinio dizaino grupė",
                "Name[nl]": "KDE Visuele ontwerpgroep",
                "Name[nn]": "My My Breeze",
                "Name[pl]": "Grupa oprawy graficznej KDE",
                "Name[pt_BR]": "Grupo de Design Visual do KDE",
                "Name[ro]": "My My Breeze",
                "Name[ru]": "Группа KDE Visual Design",
                "Name[sk]": "My My Breeze",
                "Name[sl]": "Skupina vizualnega designa KDE",
                "Name[sv]": "KDE:s visuella designgrupp",
                "Name[ta]": "கே.டீ.யீ. வரைகலை வடிவமைப்புக் குழு",
                "Name[tr]": "KDE Görsel Tasarım Grubu",
                "Name[uk]": "Група з візуального дизайну KDE",
                "Name[x-test]": "xxMy My Breezexx",
                "Name[zh_CN]": "KDE 视觉设计团队"
            }
        ],
        "Category": "",
        "Description": "My My Breeze Theme",
        "Description[ar]": "نسيم من مجموعة تصميم كدي",
        "Description[az]": "KDE VDG tərəfindən My Breeze İş mühiti görünüşü",
        "Description[ca@valencia]": "Brisa, creat pel VDG de KDE",
        "Description[ca]": "Brisa, creat pel VDG del KDE",
        "Description[cs]": "My Breeze od KDE VDG",
        "Description[de]": "My Breeze von der KDE VDG",
        "Description[en_GB]": "My Breeze by the KDE VDG",
        "Description[es]": "Brisa por KDE VDG",
        "Description[eu]": "My Breeze KDEren VDGk egina",
        "Description[fi]": "My Breeze KDE VDG:ltä",
        "Description[fr]": "My Breeze, par KDE VDG",
        "Description[hu]": "My Breeze a KDE VDG-től",
        "Description[ia]": "My Breeze (Brisa) per le KDE VDG",
        "Description[id]": "My Breeze oleh KDE VDG",
        "Description[it]": "Brezza del KDE VDG",
        "Description[ko]": "KDE 시각 디자인 그룹에서 제작한 My Breeze",
        "Description[lt]": "My Breeze pagal KDE VDG",
        "Description[nl]": "My Breeze door de KDE VDG",
        "Description[nn]": "My Breeze frå KDE VDG",
        "Description[pa]": "KDE VDG ਵਲੋਂ ਬਰੀਜ਼",
        "Description[pl]": "Bryza autorstwa KDE VDG",
        "Description[pt_BR]": "My Breeze pelo KDE VDG",
        "Description[ro]": "Briză, de KDE VDG",
        "Description[ru]": "Оформление рабочей среды My Breeze от KDE VDG",
        "Description[sk]": "Vánok od KDE VDG",
        "Description[sl]": "Sapica avtorjev KDE VDG",
        "Description[sv]": "My Breeze av KDE:s visuella designgrupp",
        "Description[tr]": "KDE VDG'den Esinti",
        "Description[uk]": "My Breeze, автори — KDE VDG",
        "Description[x-test]": "xxMy Breeze by the KDE VDGxx",
        "Description[zh_CN]": "My Breeze 微风主题，由 KDE VDG (视觉设计团队) 设计制作",
        "Id": "org.kde.breeze.desktop",
        "License": "GPLv2+",
        "Name": "My Breeze",
        "Name[ar]": "نسيم",
        "Name[ast]": "My Breeze",
        "Name[az]": "My Breeze",
        "Name[bs]": "My Breeze",
        "Name[ca@valencia]": "Brisa",
        "Name[ca]": "Brisa",
        "Name[cs]": "My Breeze",
        "Name[da]": "My Breeze",
        "Name[de]": "My Breeze",
        "Name[el]": "My Breeze",
        "Name[en_GB]": "My Breeze",
        "Name[es]": "Brisa",
        "Name[et]": "My Breeze",
        "Name[eu]": "My Breeze",
        "Name[fi]": "My Breeze",
        "Name[fr]": "My Breeze",
        "Name[gl]": "My Breeze",
        "Name[hi]": "ब्रीज़",
        "Name[hu]": "My Breeze",
        "Name[ia]": "Brisa",
        "Name[id]": "My Breeze",
        "Name[is]": "My Breeze",
        "Name[it]": "Brezza",
        "Name[ja]": "My Breeze",
        "Name[ko]": "My Breeze",
        "Name[lt]": "My Breeze",
        "Name[ml]": "ബ്രീസ്",
        "Name[nb]": "My Breeze",
        "Name[nds]": "My Breeze",
        "Name[nl]": "My Breeze",
        "Name[nn]": "My Breeze",
        "Name[pa]": "ਬਰੀਜ਼",
        "Name[pl]": "Bryza",
        "Name[pt]": "Brisa",
        "Name[pt_BR]": "My Breeze",
        "Name[ro]": "Briză",
        "Name[ru]": "My Breeze",
        "Name[sk]": "Vánok",
        "Name[sl]": "Sapica",
        "Name[sr@ijekavian]": "Поветарац",
        "Name[sr@ijekavianlatin]": "Povetarac",
        "Name[sr@latin]": "Povetarac",
        "Name[sr]": "Поветарац",
        "Name[sv]": "My Breeze",
        "Name[tg]": "Насим",
        "Name[tr]": "My Breeze",
        "Name[uk]": "My Breeze",
        "Name[x-test]": "xxMy Breezexx",
        "Name[zh_CN]": "My Breeze 微风",
        "Name[zh_TW]": "微風",
        "ServiceTypes": [
            "Plasma/LookAndFeel"
        ],
        "Version": "2.0",
        "Website": "https://www.kde.org"
    },
    "Keywords": "Desktop;Workspace;Appearance;Look and Feel;Logout;Lock;Suspend;Shutdown;Hibernate;",
    "Keywords[ar]": "سطح المكتب;مساحة العمل;المظهر;المظهر والإحساس;اخرج;Lock;علق;أطفئ;أسبت;",
    "Keywords[ast]": "Escritoriu;Estaya de trabayu;Aspeutu;Estilu;Aspeutu y Estilu;Zarrar sesión;Zarru de sesión;Bloquiar;Bloquéu;Suspender;Suspensión;Apagar;Apagáu;Ivernar;Ivernación;Hibernar;Hibernación;",
    "Keywords[az]": "iş masası;iş mühiti;iş mühiti;vizual təqdimat;çıxış;seansdan çıxış;kilidləmə;işi dayandırmaq;işin bitirilməsi;söndürmək;yuxu rejimi;gözləmə rejimi;",
    "Keywords[ca@valencia]": "Escriptori;Espai de treball;Aparença;Aspecte i comportament;Eixida;Bloqueig;Suspensió;Parada;Hibernació;",
    "Keywords[ca]": "Escriptori;Espai de treball;Aparença;Aspecte i comportament;Sortida;Bloqueig;Suspensió;Aturada;Hibernació;",
    "Keywords[da]": "Skrivebord;Desktop;Arbejdsområde;Udseende;log ud;Lås;Suspendér;Nedlukning;dvale;",
    "Keywords[de]": "Desktop;Arbeitsfläche;Arbeitsbereich;Erscheinungsbild;Erscheinungsbild und Verhalten;Abmelden;Sperren;Standby;Ruhezustand;Tiefschlaf;Herunterfahren;",
    "Keywords[el]": "Επιφάνεια εργασίας;Χώρος εργασίας;Εμφάνιση;Όψη και Αίσθηση;Αποσύνδεση;Κλείδωμα;Αναστολή;Τερματισμός;Νάρκη;",
    "Keywords[en_GB]": "Desktop;Workspace;Appearance;Look and Feel;Logout;Lock;Suspend;Shutdown;Hibernate;",
    "Keywords[es]": "Escritorio;Espacio de trabajo;Apariencia;Aspecto visual;Cerrar sesión;Bloquear;Suspender;Apagar;Hibernar;",
    "Keywords[et]": "töölaud;töötsoon;välimus;väljalogimine;lukustamine;seiskamine;väljalülitamine;talveuni;uni;",
    "Keywords[eu]": "mahaigain;lan-eremu;lan-gune;itxura;itxura eta izaera;saioa-amaitu;giltzatu;blokeatu;eseki;itzali;hibernatu;",
    "Keywords[fi]": "Työpöytä;Työtila;Ulkoasu;Ulkoasu ja tuntuma;Kirjaudu ulos;Lukitse;Valmiustila;Sammuta;Lepotila",
    "Keywords[fr]": "bureau;espace de travail;apparence;déconnexion;verrouillage;suspension;arrêt;hibernation;",
    "Keywords[gl]": "Escritorio;Espazo de traballo;Aparencia;Aparencia e Comportamento;Saír;Trancar;Bloquear;Suspender;Apagar;Hibernar;",
    "Keywords[hi]": "डेस्कटॉप; कार्यक्षेत्र; दिखावट; रंगरूप और अनुभव; लॉगआउट; तालाबंद; निलंबन; बंद करना;सुप्तावस्था;",
    "Keywords[hu]": "Asztal;Munkaterület;Megjelenés;Kinézet;Kijelentkezés;Zárolás;Felfüggesztés;Leállítás;Hibernálás;",
    "Keywords[ia]": "Scriptorio;Spatio de labor;Apparentia;Look and Feel;Logout;Lock;Suspende;Shutdown;Hibernate;",
    "Keywords[id]": "Desktop;Workspace;Penampilan;Nuansa dan Suasana,Keluar log;Kunci;Suspensi;Mematikan;Hibernasi;",
    "Keywords[is]": "skjáborð;vinnusvæði;útlit;ásýnd og hegðun;Útskráning;Læsing;setja í bið;slökkva;svæfa;",
    "Keywords[it]": "desktop;spazio di lavoro;aspetto;uscita;blocco;sospensione;spegnimento;ibernazione;",
    "Keywords[ja]": "デスクトップ;ワークスペース;外観;外観と挙動;ログアウト;ロック;サスペンド;シャットダウン;休止状態;",
    "Keywords[ko]": "Desktop;Workspace;Appearance;Look and Feel;Logout;Lock;Suspend;Shutdown;Hibernate;데스크톱;작업공간;모양;로그아웃;잠금;대기모드;종료;끄기;최대절전모드;",
    "Keywords[lt]": "Darbalaukis;Darbo sritis;Erdvė;Erdve;Isvaizda;Isvaizda ir turinys;Išvaizda;Išvaizda ir turinys;Atsijungti;Užrakinti;Uzrakinti;Pristabdyti;Sulaikyti;Užmigdyti;Uzmigdyti;Isjungti;Išjungti;Hibernuoti;",
    "Keywords[ml]": "ഡെസ്ക്ടോപ്പ്;വർക്ക്സ്പേസ്;ബാഹ്യരൂപം;രൂപവും ഭാവവും;പുറത്തിറങ്ങുക;മയങ്ങുക;;നിഷ്ക്രിയമാക്കുക;അടയ്ക്കുക;",
    "Keywords[nl]": "Bureaublad;Werkruimte;Uiterlijk;Uiterlijk en gedrag;Afmelden;Vergrendelen;Onderbreken;Afsluiten;Slapen naar schijf;",
    "Keywords[nn]": "skrivebord;arbeidsområde;arbeidsflate;ustjånad;åtferd;utlogging;logga ut;låsa;låsing;pausemodus;kvilemodus;dvalemodus;avslutting;",
    "Keywords[pa]": "ਡੈਸਕਟਾਪ;ਵਰਕਸਪੇਸ;ਦਿੱਖ;ਲਾਗਆਉਟ;ਲਾਕ;ਸਸਪੈਂਡ;ਬੰਦ ਕਰੋ;ਹਾਈਬਰਨੇਟ;",
    "Keywords[pl]": "Pulpit;Przestrzeń robocza;Wygląd;Wygląd i Odczucia;Wylogowanie;Zablokowanie ;Wstrzymanie;Zamknięcie;Hibernowanie;Wrażenia;",
    "Keywords[pt]": "Ecrã;Área de Trabalho;Aparência;Aparência e Comportamento;Encerrar;Bloquear;Suspender;Desligar;Hibernar;",
    "Keywords[pt_BR]": "Área de trabalho;Espaço de trabalho;Aparência;Aparência e Comportamento;Encerrar sessão;Bloquear;Suspender;Desligar;Hibernar;",
    "Keywords[ro]": "birou,spațiu de lucru,aspect,comportament,ieșire,blocare,suspendare,suspendă,blochează,oprește,oprire,hibernare,deconectare",
    "Keywords[ru]": "Desktop;Workspace;Appearance;Look and Feel;Logout;Lock;Suspend;Shutdown;Hibernate;рабочий стол;рабочая среда;внешний вид;визуальное представление;выход;завершение сеанса;блокировка;приостановка работы;завершение работы;выключение;спящий режим;ждущий режим;",
    "Keywords[sk]": "Plocha;pracovný priestor;vzhľad;vzhľad a dojem;odhlásiť;zamknúť;uspať;vypnúť;hibernovať;",
    "Keywords[sl]": "Namizje;delovni prostor;videz;videz in občutek;odjava;zaklep;pripravljenost;izklop;mirovanje;",
    "Keywords[sr@ijekavian]": "Desktop;Workspace;Appearance;Look and Feel;Logout;Lock;Suspend;Shutdown;Hibernate;површ;радни простор;изглед;осећај;одјављивање;закључавање;суспендовање;гашење;хибернисање;",
    "Keywords[sr@ijekavianlatin]": "Desktop;Workspace;Appearance;Look and Feel;Logout;Lock;Suspend;Shutdown;Hibernate;površ;radni prostor;izgled;osećaj;odjavljivanje;zaključavanje;suspendovanje;gašenje;hibernisanje;",
    "Keywords[sr@latin]": "Desktop;Workspace;Appearance;Look and Feel;Logout;Lock;Suspend;Shutdown;Hibernate;površ;radni prostor;izgled;osećaj;odjavljivanje;zaključavanje;suspendovanje;gašenje;hibernisanje;",
    "Keywords[sr]": "Desktop;Workspace;Appearance;Look and Feel;Logout;Lock;Suspend;Shutdown;Hibernate;површ;радни простор;изглед;осећај;одјављивање;закључавање;суспендовање;гашење;хибернисање;",
    "Keywords[sv]": "Skrivbord;Arbetsområde;Utseende;Utseende och känsla;Utloggning;Lås;Viloläge;Avstängning;Dvala;",
    "Keywords[ta]": "Desktop;Workspace;Appearance;Look and Feel;Logout;Lock;Suspend;Shutdown;Hibernate; பணிமேடை; தோற்றம்; பார்வை; வெளியேறு; பூட்டு; தூக்கம்; தூங்கு; நிறுத்து;",
    "Keywords[tr]": "Masaüstü;Çalışma Alanı;Görünüm;Görünüm ve Doku;Çık;Kilitle;Askıya Al;Kapat;Uyku;",
    "Keywords[uk]": "Desktop;Workspace;Appearance;Look and Feel;Logout;Lock;Suspend;Shutdown;Hibernate;стільниця;робочий простір;воркспейс;вигляд;вигляд і поведінка;вихід;вийти;заблокувати;замкнути;призупинити;вимкнути;приспати;",
    "Keywords[vi]": "Desktop;Workspace;Appearance;Look and Feel;Logout;Lock;Suspend;Shutdown;Hibernate;Bàn làm việc;Không gian làm việc;Diện mạo;Nhìn và Cảm;Đăng xuất;Khoá;Tạm ngừng;Tắt;Ngủ đông;",
    "Keywords[x-test]": "xxDesktopxx;xxWorkspacexx;xxAppearancexx;xxLook and Feelxx;xxLogoutxx;xxLockxx;xxSuspendxx;xxShutdownxx;xxHibernatexx;",
    "Keywords[zh_CN]": "桌面;工作空间;外观;观感;注销;锁定;待机;关机;休眠;",
    "Keywords[zh_TW]": "Desktop;Workspace;Appearance;Look and Feel;Logout;Lock;Suspend;Shutdown;Hibernate;",
    "X-Plasma-MainScript": "defaults"
}
