{
    "KPlugin": {
        "Authors": [
            {
                "Email": "clearmartin@seznam.cz",
                "Name": "Kotelnik"
            }
        ],
        "Category": "Environment and Weather",
        "Description": "Plasmoid showing weather information from yr.no server",
        "Icon": "/usr/share/plasma/plasmoids/org.kde.weatherWidget/contents/images/weather-widget.svg",
        "Id": "org.kde.weatherWidget",
        "License": "GPL2",
        "Name": "Weather Widget",
        "ServiceTypes": [
            "Plasma/Applet"
        ],
        "Version": "1.0",
        "Website": "https://github.com/kotelnik/plasma-applet-weather-widget"
    },
    "X-KDE-ParentApp": "",
    "X-Plasma-API": "declarativeappletscript",
    "X-Plasma-MainScript": "ui/main.qml",
    "X-Plasma-NotificationArea": "true",
    "X-Plasma-RemoteLocation": ""
}
