{
    "KPlugin": {
        "Authors": [
            {
                "Email": "mart@kde.org",
                "Name": "Marco Martin"
            }
        ],
        "Category": "Date and Time",
        "Dependencies": [
        ],
        "Description": "A clock with hands",
        "Description[ar]": "ساعة بِعقارب",
        "Description[bg]": "Часовник със стрелки",
        "Description[bs]": "Sat sa kazaljkama",
        "Description[ca@valencia]": "Un rellotge amb agulles",
        "Description[ca]": "Un rellotge amb agulles",
        "Description[cs]": "Ručičkové hodiny",
        "Description[da]": "Et ur med visere",
        "Description[de]": "Eine Uhr mit Zeigern",
        "Description[el]": "Ένα ρολόι με δείκτες",
        "Description[en_GB]": "A clock with hands",
        "Description[eo]": "Horloĝo kun manoj",
        "Description[es]": "Un reloj con manecillas",
        "Description[et]": "Seieritega kell",
        "Description[eu]": "Erloju orrazduna",
        "Description[fi]": "Viisarikello",
        "Description[fr]": "Une horloge à aiguilles",
        "Description[fy]": "In klok mei wizerplaat",
        "Description[ga]": "Clog le lámha",
        "Description[gl]": "Un reloxo con agullas",
        "Description[he]": "שעון עם מחוגים",
        "Description[hi]": "सुई वाली घडी",
        "Description[hr]": "Sat s kazaljkama",
        "Description[hu]": "Óra mutatókkal",
        "Description[ia]": "Un horologio con manos",
        "Description[id]": "Sebuah jam tangan",
        "Description[is]": "Klukka með vísum",
        "Description[it]": "Un orologio con lancette",
        "Description[ja]": "針のある時計",
        "Description[kk]": "Тілді сағат",
        "Description[km]": "ចាក់សោ​ដោយ​ដៃ",
        "Description[kn]": "ಮುಳ್ಳುಗಳನ್ನು ಹೊಂದಿರುವ ಗಡಿಯಾರ",
        "Description[ko]": "시침과 분침이 있는 시계",
        "Description[lt]": "Laikrodis su rodyklėmis",
        "Description[lv]": "Rādītāju pulkstenis",
        "Description[mk]": "Часовник со раце",
        "Description[mr]": "हात असलेले घड्याळ",
        "Description[nb]": "En klokke med visere",
        "Description[nds]": "En Klock mit Wiesers",
        "Description[nl]": "Een klok met wijzers",
        "Description[nn]": "Ei klokke med visarar",
        "Description[pa]": "ਸੂਈਆਂ ਨਾਲ ਘੜੀ",
        "Description[pl]": "Zegar ze wskazówkami",
        "Description[pt]": "Um relógio com ponteiros",
        "Description[pt_BR]": "Um relógio com ponteiros",
        "Description[ro]": "Ceas cu mâini",
        "Description[ru]": "Часы со стрелками",
        "Description[si]": "කටු සහිත ඔරලෝසුවක්",
        "Description[sk]": "Ručičkové hodiny",
        "Description[sl]": "Ura s kazalci",
        "Description[sr@ijekavian]": "Сат са казаљкама",
        "Description[sr@ijekavianlatin]": "Sat sa kazaljkama",
        "Description[sr@latin]": "Sat sa kazaljkama",
        "Description[sr]": "Сат са казаљкама",
        "Description[sv]": "En klocka med visare",
        "Description[tg]": "Соат бо ақрабакҳо",
        "Description[th]": "นาฬิกาแบบเข็ม",
        "Description[tr]": "İbreli bir saat",
        "Description[ug]": "تىللىق سائەت",
        "Description[uk]": "Годинник зі стрілками",
        "Description[wa]": "Ène ôrlodje avou des aweyes",
        "Description[x-test]": "xxA clock with handsxx",
        "Description[zh_CN]": "带指针的时钟",
        "Description[zh_TW]": "有手的時鐘",
        "EnabledByDefault": true,
        "Icon": "preferences-system-time",
        "Id": "org.kde.plasma.analogclock",
        "License": "GPL-2.0+",
        "Name": "Analog Clock",
        "Name[af]": "Analooghorlosie",
        "Name[ar]": "ساعة تناظرية",
        "Name[be@latin]": "Analahavy hadzińnik",
        "Name[be]": "Аналагавы гадзіннік",
        "Name[bg]": "Аналогов часовник",
        "Name[bn]": "অ্যানালগ ঘড়ি",
        "Name[bs]": "Analogni sat",
        "Name[ca@valencia]": "Rellotge analògic",
        "Name[ca]": "Rellotge analògic",
        "Name[cs]": "Analogové hodiny",
        "Name[csb]": "Analogòwi zédżer",
        "Name[da]": "Analogt ur",
        "Name[de]": "Analoge Uhr",
        "Name[el]": "Αναλογικό ρολόι",
        "Name[en_GB]": "Analogue Clock",
        "Name[eo]": "Analoga horloĝo",
        "Name[es]": "Reloj analógico",
        "Name[et]": "Analoogkell",
        "Name[eu]": "Erloju analogikoa",
        "Name[fa]": "ساعت قیاسی",
        "Name[fi]": "Analoginen kello",
        "Name[fr]": "Horloge analogique",
        "Name[fy]": "Analoge klok",
        "Name[ga]": "Clog Analógach",
        "Name[gl]": "Reloxo analóxico",
        "Name[gu]": "સાદી ઘડિયાળ",
        "Name[he]": "שעון מחוגים",
        "Name[hi]": "एनॉलॉग घड़ी",
        "Name[hne]": "एनालाग घड़ी",
        "Name[hr]": "Analogni sat",
        "Name[hsb]": "Analogny časnik",
        "Name[hu]": "Mutatós óra",
        "Name[ia]": "Horologio analogic",
        "Name[id]": "Jam Analog",
        "Name[is]": "Skífuklukka",
        "Name[it]": "Orologio analogico",
        "Name[ja]": "アナログ時計",
        "Name[kk]": "Аналогты сағат",
        "Name[km]": "នាឡិកា​អាណាឡូក",
        "Name[kn]": "ಅವಿಚ್ಛಿನ್ನಾತ್ಮಕ (ಅನಲಾಗ್, ಸಾಂಪ್ರದಾಯಿಕ) ಗಡಿಯಾರ",
        "Name[ko]": "아날로그 시계",
        "Name[ku]": "Demjimêra Analog",
        "Name[lt]": "Analoginis laikrodis",
        "Name[lv]": "Rādītāju pulkstenis",
        "Name[mai]": "एनालाग घडी",
        "Name[mk]": "Аналоген часовник",
        "Name[ml]": "അനലോഗ് ഘടികാരം",
        "Name[mr]": "एनॉलॉग घड्याळ",
        "Name[nb]": "Analog klokke",
        "Name[nds]": "Analoog Klock",
        "Name[ne]": "एनालग घडी",
        "Name[nl]": "Analoge klok",
        "Name[nn]": "Analog klokke",
        "Name[oc]": "Relòtge analogic",
        "Name[pa]": "ਐਨਾਲਾਗ ਘੜੀ",
        "Name[pl]": "Zegar analogowy",
        "Name[pt]": "Relógio Analógico",
        "Name[pt_BR]": "Relógio Analógico",
        "Name[ro]": "Ceas analog",
        "Name[ru]": "Часы с циферблатом",
        "Name[se]": "Analogalaš diibmu",
        "Name[si]": "ප්‍රතිසම ඔරලෝසුව",
        "Name[sk]": "Analógové hodiny",
        "Name[sl]": "Analogna ura",
        "Name[sr@ijekavian]": "аналогни сат",
        "Name[sr@ijekavianlatin]": "analogni sat",
        "Name[sr@latin]": "analogni sat",
        "Name[sr]": "аналогни сат",
        "Name[sv]": "Analog klocka",
        "Name[ta]": "சுழல் கடிகாரம்",
        "Name[te]": "ఎనలాగ్ గడియారం",
        "Name[tg]": "Соати аналогӣ",
        "Name[th]": "นาฬิกาแอนะล็อก",
        "Name[tr]": "Analog Saat",
        "Name[ug]": "ئانالوگ سائەت",
        "Name[uk]": "Аналоговий годинник",
        "Name[uz@cyrillic]": "Аналог соат",
        "Name[uz]": "Analog soat",
        "Name[vi]": "Đồng hồ số",
        "Name[wa]": "Ôrlodje analodjike",
        "Name[x-test]": "xxAnalog Clockxx",
        "Name[zh_CN]": "模拟时钟",
        "Name[zh_TW]": "類比時鐘",
        "ServiceTypes": [
            "Plasma/Applet"
        ],
        "Version": "3.0",
        "Website": "http://userbase.kde.org/Plasma/Clocks"
    },
    "X-Plasma-API": "declarativeappletscript",
    "X-Plasma-MainScript": "ui/analogclock.qml",
    "X-Plasma-Provides": [
        "org.kde.plasma.time",
        "org.kde.plasma.date"
    ],
    "X-Plasma-StandAloneApp": true
}
